Category,Task,Description,Acceptance Criteria
API Administration,Define API governance policies and procedures,"Establish policies for API lifecycle, security, and access control.","Policies reviewed, approved, and accessible to all stakeholders."
API Administration,Establish API lifecycle management process,"Define and manage stages: design, build, publish, consume, deprecate, retire.",Lifecycle phases implemented and documented.
API Administration,Assign API ownership roles and responsibilities,Assign owners for each API to ensure accountability.,Owners assigned and responsibilities published.
API Administration,Set up API approval workflows,Define steps to review and approve API changes.,Approval workflows configured in API management platform.
API Administration,Implement API usage tracking and reporting,"Enable monitoring for API usage, errors, and performance.",Dashboards set up; regular reports generated.
API Administration,Enforce versioning policies for APIs,"Use consistent versioning methods for APIs (e.g., semantic versioning).",APIs versioned with documented change logs.
API Administration,Monitor API deprecations and sunset policies,Set timelines and notify users for deprecated APIs.,Deprecation policies implemented and communicated.
API Administration,Define access control policies,Implement role-based and least privilege access.,Access control policies enforced and audited.
API Administration,Establish API quotas and rate limits,Limit API calls per consumer to ensure fairness.,Quotas and limits configured in API gateway.
API Administration,Maintain API governance documentation,Maintain centralized documentation for all governance processes.,Documentation reviewed and updated quarterly.
API Administration,Define API governance policies and procedures,"Establish policies for API lifecycle, security, and access control.","Policies reviewed, approved, and accessible to all stakeholders."
API Administration,Establish API lifecycle management process,"Define and manage stages: design, build, publish, consume, deprecate, retire.",Lifecycle phases implemented and documented.
API Administration,Assign API ownership roles and responsibilities,Assign owners for each API to ensure accountability.,Owners assigned and responsibilities published.
API Administration,Set up API approval workflows,Define steps to review and approve API changes.,Approval workflows configured in API management platform.
API Administration,Implement API usage tracking and reporting,"Enable monitoring for API usage, errors, and performance.",Dashboards set up; regular reports generated.
API Administration,Enforce versioning policies for APIs,"Use consistent versioning methods for APIs (e.g., semantic versioning).",APIs versioned with documented change logs.
API Administration,Monitor API deprecations and sunset policies,Set timelines and notify users for deprecated APIs.,Deprecation policies implemented and communicated.
API Administration,Define access control policies,Implement role-based and least privilege access.,Access control policies enforced and audited.
API Administration,Establish API quotas and rate limits,Limit API calls per consumer to ensure fairness.,Quotas and limits configured in API gateway.
API Administration,Maintain API governance documentation,Maintain centralized documentation for all governance processes.,Documentation reviewed and updated quarterly.
API Administration,Define API governance policies and procedures,"Establish policies for API lifecycle, security, and access control.","Policies reviewed, approved, and accessible to all stakeholders."
API Administration,Establish API lifecycle management process,"Define and manage stages: design, build, publish, consume, deprecate, retire.",Lifecycle phases implemented and documented.
API Administration,Assign API ownership roles and responsibilities,Assign owners for each API to ensure accountability.,Owners assigned and responsibilities published.
API Administration,Set up API approval workflows,Define steps to review and approve API changes.,Approval workflows configured in API management platform.
API Administration,Implement API usage tracking and reporting,"Enable monitoring for API usage, errors, and performance.",Dashboards set up; regular reports generated.
API Administration,Enforce versioning policies for APIs,"Use consistent versioning methods for APIs (e.g., semantic versioning).",APIs versioned with documented change logs.
API Administration,Monitor API deprecations and sunset policies,Set timelines and notify users for deprecated APIs.,Deprecation policies implemented and communicated.
API Administration,Define access control policies,Implement role-based and least privilege access.,Access control policies enforced and audited.
API Administration,Establish API quotas and rate limits,Limit API calls per consumer to ensure fairness.,Quotas and limits configured in API gateway.
API Administration,Maintain API governance documentation,Maintain centralized documentation for all governance processes.,Documentation reviewed and updated quarterly.
API Administration,Define API governance policies and procedures,"Establish policies for API lifecycle, security, and access control.","Policies reviewed, approved, and accessible to all stakeholders."
API Administration,Establish API lifecycle management process,"Define and manage stages: design, build, publish, consume, deprecate, retire.",Lifecycle phases implemented and documented.
API Administration,Assign API ownership roles and responsibilities,Assign owners for each API to ensure accountability.,Owners assigned and responsibilities published.
API Administration,Set up API approval workflows,Define steps to review and approve API changes.,Approval workflows configured in API management platform.
API Administration,Implement API usage tracking and reporting,"Enable monitoring for API usage, errors, and performance.",Dashboards set up; regular reports generated.
API Administration,Enforce versioning policies for APIs,"Use consistent versioning methods for APIs (e.g., semantic versioning).",APIs versioned with documented change logs.
API Administration,Monitor API deprecations and sunset policies,Set timelines and notify users for deprecated APIs.,Deprecation policies implemented and communicated.
API Administration,Define access control policies,Implement role-based and least privilege access.,Access control policies enforced and audited.
API Administration,Establish API quotas and rate limits,Limit API calls per consumer to ensure fairness.,Quotas and limits configured in API gateway.
API Administration,Maintain API governance documentation,Maintain centralized documentation for all governance processes.,Documentation reviewed and updated quarterly.
API Administration,Define API governance policies and procedures,"Establish policies for API lifecycle, security, and access control.","Policies reviewed, approved, and accessible to all stakeholders."
API Administration,Establish API lifecycle management process,"Define and manage stages: design, build, publish, consume, deprecate, retire.",Lifecycle phases implemented and documented.
API Administration,Assign API ownership roles and responsibilities,Assign owners for each API to ensure accountability.,Owners assigned and responsibilities published.
API Administration,Set up API approval workflows,Define steps to review and approve API changes.,Approval workflows configured in API management platform.
API Administration,Implement API usage tracking and reporting,"Enable monitoring for API usage, errors, and performance.",Dashboards set up; regular reports generated.
API Administration,Enforce versioning policies for APIs,"Use consistent versioning methods for APIs (e.g., semantic versioning).",APIs versioned with documented change logs.
API Administration,Monitor API deprecations and sunset policies,Set timelines and notify users for deprecated APIs.,Deprecation policies implemented and communicated.
API Administration,Define access control policies,Implement role-based and least privilege access.,Access control policies enforced and audited.
API Administration,Establish API quotas and rate limits,Limit API calls per consumer to ensure fairness.,Quotas and limits configured in API gateway.
API Administration,Maintain API governance documentation,Maintain centralized documentation for all governance processes.,Documentation reviewed and updated quarterly.
API Administration,Define API governance policies and procedures,"Establish policies for API lifecycle, security, and access control.","Policies reviewed, approved, and accessible to all stakeholders."
API Administration,Establish API lifecycle management process,"Define and manage stages: design, build, publish, consume, deprecate, retire.",Lifecycle phases implemented and documented.
API Administration,Assign API ownership roles and responsibilities,Assign owners for each API to ensure accountability.,Owners assigned and responsibilities published.
API Administration,Set up API approval workflows,Define steps to review and approve API changes.,Approval workflows configured in API management platform.
API Administration,Implement API usage tracking and reporting,"Enable monitoring for API usage, errors, and performance.",Dashboards set up; regular reports generated.
API Administration,Enforce versioning policies for APIs,"Use consistent versioning methods for APIs (e.g., semantic versioning).",APIs versioned with documented change logs.
API Administration,Monitor API deprecations and sunset policies,Set timelines and notify users for deprecated APIs.,Deprecation policies implemented and communicated.
API Administration,Define access control policies,Implement role-based and least privilege access.,Access control policies enforced and audited.
API Administration,Establish API quotas and rate limits,Limit API calls per consumer to ensure fairness.,Quotas and limits configured in API gateway.
API Administration,Maintain API governance documentation,Maintain centralized documentation for all governance processes.,Documentation reviewed and updated quarterly.
API Administration,Define API governance policies and procedures,"Establish policies for API lifecycle, security, and access control.","Policies reviewed, approved, and accessible to all stakeholders."
API Administration,Establish API lifecycle management process,"Define and manage stages: design, build, publish, consume, deprecate, retire.",Lifecycle phases implemented and documented.
API Administration,Assign API ownership roles and responsibilities,Assign owners for each API to ensure accountability.,Owners assigned and responsibilities published.
API Administration,Set up API approval workflows,Define steps to review and approve API changes.,Approval workflows configured in API management platform.
API Administration,Implement API usage tracking and reporting,"Enable monitoring for API usage, errors, and performance.",Dashboards set up; regular reports generated.
API Administration,Enforce versioning policies for APIs,"Use consistent versioning methods for APIs (e.g., semantic versioning).",APIs versioned with documented change logs.
API Administration,Monitor API deprecations and sunset policies,Set timelines and notify users for deprecated APIs.,Deprecation policies implemented and communicated.
API Administration,Define access control policies,Implement role-based and least privilege access.,Access control policies enforced and audited.
API Administration,Establish API quotas and rate limits,Limit API calls per consumer to ensure fairness.,Quotas and limits configured in API gateway.
API Administration,Maintain API governance documentation,Maintain centralized documentation for all governance processes.,Documentation reviewed and updated quarterly.
API Administration,Define API governance policies and procedures,"Establish policies for API lifecycle, security, and access control.","Policies reviewed, approved, and accessible to all stakeholders."
API Administration,Establish API lifecycle management process,"Define and manage stages: design, build, publish, consume, deprecate, retire.",Lifecycle phases implemented and documented.
API Administration,Assign API ownership roles and responsibilities,Assign owners for each API to ensure accountability.,Owners assigned and responsibilities published.
API Administration,Set up API approval workflows,Define steps to review and approve API changes.,Approval workflows configured in API management platform.
API Administration,Implement API usage tracking and reporting,"Enable monitoring for API usage, errors, and performance.",Dashboards set up; regular reports generated.
API Administration,Enforce versioning policies for APIs,"Use consistent versioning methods for APIs (e.g., semantic versioning).",APIs versioned with documented change logs.
API Administration,Monitor API deprecations and sunset policies,Set timelines and notify users for deprecated APIs.,Deprecation policies implemented and communicated.
API Administration,Define access control policies,Implement role-based and least privilege access.,Access control policies enforced and audited.
API Administration,Establish API quotas and rate limits,Limit API calls per consumer to ensure fairness.,Quotas and limits configured in API gateway.
API Administration,Maintain API governance documentation,Maintain centralized documentation for all governance processes.,Documentation reviewed and updated quarterly.
API Administration,Define API governance policies and procedures,"Establish policies for API lifecycle, security, and access control.","Policies reviewed, approved, and accessible to all stakeholders."
API Administration,Establish API lifecycle management process,"Define and manage stages: design, build, publish, consume, deprecate, retire.",Lifecycle phases implemented and documented.
API Administration,Assign API ownership roles and responsibilities,Assign owners for each API to ensure accountability.,Owners assigned and responsibilities published.
API Administration,Set up API approval workflows,Define steps to review and approve API changes.,Approval workflows configured in API management platform.
API Administration,Implement API usage tracking and reporting,"Enable monitoring for API usage, errors, and performance.",Dashboards set up; regular reports generated.
API Administration,Enforce versioning policies for APIs,"Use consistent versioning methods for APIs (e.g., semantic versioning).",APIs versioned with documented change logs.
API Administration,Monitor API deprecations and sunset policies,Set timelines and notify users for deprecated APIs.,Deprecation policies implemented and communicated.
API Administration,Define access control policies,Implement role-based and least privilege access.,Access control policies enforced and audited.
API Administration,Establish API quotas and rate limits,Limit API calls per consumer to ensure fairness.,Quotas and limits configured in API gateway.
API Administration,Maintain API governance documentation,Maintain centralized documentation for all governance processes.,Documentation reviewed and updated quarterly.
API Administration,Define API governance policies and procedures,"Establish policies for API lifecycle, security, and access control.","Policies reviewed, approved, and accessible to all stakeholders."
API Administration,Establish API lifecycle management process,"Define and manage stages: design, build, publish, consume, deprecate, retire.",Lifecycle phases implemented and documented.
API Administration,Assign API ownership roles and responsibilities,Assign owners for each API to ensure accountability.,Owners assigned and responsibilities published.
API Administration,Set up API approval workflows,Define steps to review and approve API changes.,Approval workflows configured in API management platform.
API Administration,Implement API usage tracking and reporting,"Enable monitoring for API usage, errors, and performance.",Dashboards set up; regular reports generated.
API Administration,Enforce versioning policies for APIs,"Use consistent versioning methods for APIs (e.g., semantic versioning).",APIs versioned with documented change logs.
API Administration,Monitor API deprecations and sunset policies,Set timelines and notify users for deprecated APIs.,Deprecation policies implemented and communicated.
API Administration,Define access control policies,Implement role-based and least privilege access.,Access control policies enforced and audited.
API Administration,Establish API quotas and rate limits,Limit API calls per consumer to ensure fairness.,Quotas and limits configured in API gateway.
API Administration,Maintain API governance documentation,Maintain centralized documentation for all governance processes.,Documentation reviewed and updated quarterly.
API Administration,Define API governance policies and procedures,"Establish policies for API lifecycle, security, and access control.","Policies reviewed, approved, and accessible to all stakeholders."
API Administration,Establish API lifecycle management process,"Define and manage stages: design, build, publish, consume, deprecate, retire.",Lifecycle phases implemented and documented.
API Administration,Assign API ownership roles and responsibilities,Assign owners for each API to ensure accountability.,Owners assigned and responsibilities published.
API Administration,Set up API approval workflows,Define steps to review and approve API changes.,Approval workflows configured in API management platform.
API Administration,Implement API usage tracking and reporting,"Enable monitoring for API usage, errors, and performance.",Dashboards set up; regular reports generated.
API Administration,Enforce versioning policies for APIs,"Use consistent versioning methods for APIs (e.g., semantic versioning).",APIs versioned with documented change logs.
API Administration,Monitor API deprecations and sunset policies,Set timelines and notify users for deprecated APIs.,Deprecation policies implemented and communicated.
API Administration,Define access control policies,Implement role-based and least privilege access.,Access control policies enforced and audited.
API Administration,Establish API quotas and rate limits,Limit API calls per consumer to ensure fairness.,Quotas and limits configured in API gateway.
API Administration,Maintain API governance documentation,Maintain centralized documentation for all governance processes.,Documentation reviewed and updated quarterly.
API Administration,Define API governance policies and procedures,"Establish policies for API lifecycle, security, and access control.","Policies reviewed, approved, and accessible to all stakeholders."
API Administration,Establish API lifecycle management process,"Define and manage stages: design, build, publish, consume, deprecate, retire.",Lifecycle phases implemented and documented.
API Administration,Assign API ownership roles and responsibilities,Assign owners for each API to ensure accountability.,Owners assigned and responsibilities published.
API Administration,Set up API approval workflows,Define steps to review and approve API changes.,Approval workflows configured in API management platform.
API Administration,Implement API usage tracking and reporting,"Enable monitoring for API usage, errors, and performance.",Dashboards set up; regular reports generated.
API Administration,Enforce versioning policies for APIs,"Use consistent versioning methods for APIs (e.g., semantic versioning).",APIs versioned with documented change logs.
API Administration,Monitor API deprecations and sunset policies,Set timelines and notify users for deprecated APIs.,Deprecation policies implemented and communicated.
API Administration,Define access control policies,Implement role-based and least privilege access.,Access control policies enforced and audited.
API Administration,Establish API quotas and rate limits,Limit API calls per consumer to ensure fairness.,Quotas and limits configured in API gateway.
API Administration,Maintain API governance documentation,Maintain centralized documentation for all governance processes.,Documentation reviewed and updated quarterly.
API Administration,Define API governance policies and procedures,"Establish policies for API lifecycle, security, and access control.","Policies reviewed, approved, and accessible to all stakeholders."
API Administration,Establish API lifecycle management process,"Define and manage stages: design, build, publish, consume, deprecate, retire.",Lifecycle phases implemented and documented.
API Administration,Assign API ownership roles and responsibilities,Assign owners for each API to ensure accountability.,Owners assigned and responsibilities published.
API Administration,Set up API approval workflows,Define steps to review and approve API changes.,Approval workflows configured in API management platform.
API Administration,Implement API usage tracking and reporting,"Enable monitoring for API usage, errors, and performance.",Dashboards set up; regular reports generated.
API Administration,Enforce versioning policies for APIs,"Use consistent versioning methods for APIs (e.g., semantic versioning).",APIs versioned with documented change logs.
API Administration,Monitor API deprecations and sunset policies,Set timelines and notify users for deprecated APIs.,Deprecation policies implemented and communicated.
API Administration,Define access control policies,Implement role-based and least privilege access.,Access control policies enforced and audited.
API Administration,Establish API quotas and rate limits,Limit API calls per consumer to ensure fairness.,Quotas and limits configured in API gateway.
API Administration,Maintain API governance documentation,Maintain centralized documentation for all governance processes.,Documentation reviewed and updated quarterly.
API Administration,Define API governance policies and procedures,"Establish policies for API lifecycle, security, and access control.","Policies reviewed, approved, and accessible to all stakeholders."
API Administration,Establish API lifecycle management process,"Define and manage stages: design, build, publish, consume, deprecate, retire.",Lifecycle phases implemented and documented.
API Administration,Assign API ownership roles and responsibilities,Assign owners for each API to ensure accountability.,Owners assigned and responsibilities published.
API Administration,Set up API approval workflows,Define steps to review and approve API changes.,Approval workflows configured in API management platform.
API Administration,Implement API usage tracking and reporting,"Enable monitoring for API usage, errors, and performance.",Dashboards set up; regular reports generated.
API Administration,Enforce versioning policies for APIs,"Use consistent versioning methods for APIs (e.g., semantic versioning).",APIs versioned with documented change logs.
API Administration,Monitor API deprecations and sunset policies,Set timelines and notify users for deprecated APIs.,Deprecation policies implemented and communicated.
API Administration,Define access control policies,Implement role-based and least privilege access.,Access control policies enforced and audited.
API Administration,Establish API quotas and rate limits,Limit API calls per consumer to ensure fairness.,Quotas and limits configured in API gateway.
API Administration,Maintain API governance documentation,Maintain centralized documentation for all governance processes.,Documentation reviewed and updated quarterly.
API Administration,Define API governance policies and procedures,"Establish policies for API lifecycle, security, and access control.","Policies reviewed, approved, and accessible to all stakeholders."
API Administration,Establish API lifecycle management process,"Define and manage stages: design, build, publish, consume, deprecate, retire.",Lifecycle phases implemented and documented.
API Administration,Assign API ownership roles and responsibilities,Assign owners for each API to ensure accountability.,Owners assigned and responsibilities published.
API Administration,Set up API approval workflows,Define steps to review and approve API changes.,Approval workflows configured in API management platform.
API Administration,Implement API usage tracking and reporting,"Enable monitoring for API usage, errors, and performance.",Dashboards set up; regular reports generated.
API Administration,Enforce versioning policies for APIs,"Use consistent versioning methods for APIs (e.g., semantic versioning).",APIs versioned with documented change logs.
API Administration,Monitor API deprecations and sunset policies,Set timelines and notify users for deprecated APIs.,Deprecation policies implemented and communicated.
API Administration,Define access control policies,Implement role-based and least privilege access.,Access control policies enforced and audited.
API Administration,Establish API quotas and rate limits,Limit API calls per consumer to ensure fairness.,Quotas and limits configured in API gateway.
API Administration,Maintain API governance documentation,Maintain centralized documentation for all governance processes.,Documentation reviewed and updated quarterly.