API Governance Task List,,,
,,,
Category,Task,Description,Acceptance Criteria
API Administration,Define API governance policies and procedures,"Establish policies for API lifecycle, security, and access control.","Policies reviewed, approved, and accessible to all stakeholders."
API Administration,Establish API lifecycle management process,"Define and manage stages: design, build, publish, consume, deprecate, retire.",Lifecycle phases implemented and documented.
API Administration,Assign API ownership roles and responsibilities,Assign owners for each API to ensure accountability.,Owners assigned and responsibilities published.
API Administration,Set up API approval workflows,Define steps to review and approve API changes.,Approval workflows configured in API management platform.
API Administration,Implement API usage tracking and reporting,"Enable monitoring for API usage, errors, and performance.",Dashboards set up; regular reports generated.
API Administration,Enforce versioning policies for APIs,"Use consistent versioning methods for APIs (e.g., semantic versioning).",APIs versioned with documented change logs.
API Administration,Monitor API deprecations and sunset policies,Set timelines and notify users for deprecated APIs.,Deprecation policies implemented and communicated.
API Administration,Define access control policies,Implement role-based and least privilege access.,Access control policies enforced and audited.
API Administration,Establish API quotas and rate limits,Limit API calls per consumer to ensure fairness.,Quotas and limits configured in API gateway.
API Administration,Maintain API governance documentation,Maintain centralized documentation for all governance processes.,Documentation reviewed and updated quarterly.
API Development,Implement CI/CD pipelines for API development,"Automate build, test, and deployment of APIs.",CI/CD integrated and validated in pipeline.
API Development,Enforce API style guides,Ensure uniform design and implementation standards.,Linting tools and peer reviews enforce style guide.
API Development,Ensure APIs follow RESTful best practices,Adhere to REST principles and correct HTTP usage.,REST compliance checklist applied during reviews.
API Development,Establish API code review processes,Require peer reviews before merging code changes.,Code reviews logged and tracked.
API Development,Standardize API error handling,Create uniform error response structures across APIs.,Error messages follow consistent schema.
API Development,Define API testing automation,"Automate unit, integration, and contract tests.",Tests pass as part of CI/CD pipeline.
API Development,Maintain backward compatibility in API updates,Avoid breaking changes to existing consumers.,Backward compatibility tests implemented.
API Development,Implement consistent API authentication mechanisms,"Use common auth mechanisms like OAuth 2.0, JWT.",Authentication standardized across all APIs.
API Development,Use API linting tools to enforce coding standards,Automate validation of API definitions against style rules.,Linting tools integrated into pipeline.
API Development,Define standardized API response formats,Use consistent response wrappers and metadata.,Responses validated against a shared schema.
Product Management,Align API strategy with business goals,Ensure API roadmap supports company objectives.,API roadmap reviewed by leadership quarterly.
Product Management,Define API monetization models,Identify how APIs will generate revenue or value.,Monetization strategy approved and tracked.
Product Management,Manage API product lifecycle,Track APIs from ideation to deprecation.,APIs tagged by lifecycle stage in catalog.
Product Management,Prioritize APIs based on customer needs,Use feedback and analytics to rank API value.,High-value APIs prioritized in development sprints.
Product Management,Establish API usability metrics,Define usability KPIs like onboarding time and error rates.,Metrics collected and reviewed monthly.
Product Management,Define API adoption success criteria,Set benchmarks for API engagement and satisfaction.,Success metrics met within 3 months of release.
Product Management,Conduct API user research and feedback collection,Engage with API consumers for feedback.,Surveys and interviews conducted quarterly.
Product Management,Standardize API onboarding processes,Streamline setup steps and documentation for consumers.,Onboarding process tested and optimized.
Product Management,Define API SLAs and performance benchmarks,"Establish expectations for uptime, latency, etc.",SLAs published and monitored.
Product Management,Track API analytics and KPIs,"Use dashboards to track engagement, errors, latency.",KPIs reviewed monthly by product teams.
API Marketplace,Set up internal API catalog,Centralized portal for discovering enterprise APIs.,Catalog launched and populated with metadata.
API Marketplace,Publish APIs to external marketplaces,Expose selected APIs for partner or public use.,APIs published and tracked in public catalogs.
API Marketplace,Enforce API discoverability standards,Tag and document APIs for easy searching.,Search functionality and metadata validated.
API Marketplace,Implement API subscription models,Offer tiered access and usage plans.,Subscription system implemented and audited.
API Marketplace,Maintain accurate API documentation,Ensure API specs are current and correct.,Documentation reviewed before each release.
API Marketplace,Establish API access request workflows,Define how users request and gain access to APIs.,Access requests handled within SLA.
API Marketplace,Define API marketing strategies,Promote APIs to internal and external developers.,Marketing plans created and executed quarterly.
API Marketplace,Implement API community engagement initiatives,"Host events, forums, or feedback loops for API users.",Engagement tracked via platform analytics.
API Marketplace,Ensure compliance with third-party API usage,Review licenses and usage terms.,Third-party compliance reviewed annually.
API Marketplace,Track API marketplace performance metrics,"Monitor subscriptions, calls, and user feedback.",Monthly performance reports published.
DevSecOps,Implement API security testing automation,Run security scans during CI/CD.,Test results reviewed on every pipeline run.
DevSecOps,Ensure APIs follow OWASP API Security Top 10 guidelines,Address common API vulnerabilities.,APIs tested against OWASP checklist.
DevSecOps,Enforce secure API authentication and authorization,"Require OAuth, RBAC, and token expiration.",Authentication audits passed.
DevSecOps,Implement API key and token rotation policies,Regularly rotate credentials and audit usage.,Keys rotated on defined schedule.
DevSecOps,Monitor APIs for suspicious activity,Detect anomalies in usage patterns.,Alerts triggered on suspicious behavior.
DevSecOps,Define API incident response procedures,Create runbooks and escalation paths.,Incident playbooks reviewed quarterly.
DevSecOps,Ensure APIs comply with regulatory requirements,"Implement controls for GDPR, HIPAA, etc.",Compliance checklists completed.
DevSecOps,Conduct periodic API security audits,Perform external or internal security reviews.,Audit reports completed and issues resolved.
DevSecOps,Implement role-based access control (RBAC) for APIs,Assign permissions by role.,RBAC configured and tested.
DevSecOps,Standardize API logging and monitoring,"Capture audit logs, usage stats, and performance metrics.",Logging integrated with SIEM tools.
Software Delivery,Implement API-first development practices,Design APIs before coding other components.,API contracts approved before dev begins.
Software Delivery,Define API release management strategy,"Plan, schedule, and communicate releases.",Release calendar maintained and followed.
Software Delivery,Automate API contract testing,Validate that consumer and provider contracts match.,Contract tests pass on each deployment.
Software Delivery,Standardize API deployment processes,Use templates and automation for deployment.,Deployment checklists completed.
Software Delivery,Maintain API rollback strategies,Plan how to revert to previous versions.,Rollback plans tested quarterly.
Software Delivery,Establish cross-team API collaboration workflows,"Coordinate API changes across dev, ops, and business teams.",Collaboration practices documented.
Software Delivery,Integrate APIs with enterprise CI/CD pipelines,"Use shared pipelines for build, test, deploy.",Pipelines monitored and tracked.
Software Delivery,Use API gateways for consistent management,"Centralize security, logging, throttling.",API gateway policies applied.
Software Delivery,Define API service-level objectives (SLOs),Set performance and availability targets.,SLOs monitored with alerts.
Software Delivery,Ensure seamless API handover between development and operations teams,Provide clear operational runbooks and SLAs.,Handover checklist completed.
OpenAPI Specs,Enforce OpenAPI 3.0 specifications,Use OpenAPI for API design and documentation.,Specs validated automatically.
OpenAPI Specs,Use API design-first approach with OpenAPI,Design APIs using contracts before implementation.,API designs reviewed and approved pre-dev.
OpenAPI Specs,Define OpenAPI validation checks,"Validate structure, formats, and required fields.",Automated validation passes before release.
OpenAPI Specs,Standardize API schema definitions,Reuse shared schema components.,Schema library maintained and referenced.
OpenAPI Specs,Implement automated OpenAPI documentation generation,Generate user-friendly docs from specs.,Docs updated as part of pipeline.
OpenAPI Specs,Ensure OpenAPI specs include security definitions,"Define security schemes (e.g., OAuth2, API Key).",Security section present in specs.
OpenAPI Specs,Maintain consistency in OpenAPI spec annotations,Use standard naming and formatting.,Reviewed during design reviews.
OpenAPI Specs,Implement OpenAPI-based contract testing,Use specs to validate interfaces.,Tests automated with spec coverage.
OpenAPI Specs,Define guidelines for OpenAPI extensions,Govern how custom extensions are used.,Extension rules documented.
OpenAPI Specs,Establish OpenAPI review workflows,Require design reviews before implementation.,Review logs maintained.